Assigned Annotation,A1,A2,A3,A4,A5,B1,B2,B3,B4,B5,BLK A,BLK B,BLK C,C1,C2,C3,C4,C5,QC01,QC02,QC03,QC04,QC05,QC06,QC07,QC08
alpha-Aminodiphenylacetic acid,298.936,255.349,223.741,214.89,230.876,383.928,378.859,339.76,323.827,356.305,NA,NA,NA,345.95,348.656,363.267,386.124,379.951,322.457,342.948,297.046,310.383,296.138,311.502,334.461,288.437
alpha-Ergocryptine,8304.053,7828.19,7504.956,7745.238,7696.18,1619.342,1588.32,1637.141,1406.104,1651.333,30.329,279.322,431.228,1418.224,1392.875,1592.944,1491.687,1530.486,2993.23,2872.775,2785.297,2810.095,2991.945,3005.832,2968.16,2966.684
1-(1Z-Hexadecenyl)-sn-glycero-3-phosphocholine,3.889,38.136,29.551,30.174,12.05,3189.728,3111.409,3094.734,3417.214,3298.74,581.295,387.157,275.159,3377.856,3343.037,3532.824,3377.725,3363.696,2643.991,2565.08,2670.95,2670.302,2918.094,2830.481,2779.029,2826.516
1-(9Z-Octadecenoyl)-sn-glycero-3-phosphocholine,8.161,NA,NA,4.162,4.971,1127.002,1078.989,1073.535,1120.354,1129.846,20.351,NA,15.905,1129.671,1144.127,1222.613,1108.79,1163.957,881.811,903.503,959.892,914.437,961.419,952.87,948.031,927.729
"1,2-Benzenediamine, N-phenyl-",28.151,11.76,16.055,19.127,15.064,300.421,290.44,297.745,410.126,301.887,41.477,NA,NA,293.046,277.587,300.789,307.316,277.882,243.025,241.768,255.626,231.767,260.863,273.752,237.696,255.438
"1,3-Dimethyluracil",22094.074,14416.14,15460.669,14805.825,15286.7,8488.087,7569.041,8103.206,10503.17,7813.108,350.527,456.274,434.497,7837.078,7010.674,7196.211,8203.831,7487.556,9815.058,9408.878,9018.115,8895.417,9391.397,9053.701,9581.935,9620.971
17-Phenyl trinor prostaglandin E2,2657.095,2270.665,2432.321,2313.81,2373.302,2241.423,2320.95,2130.678,2865.081,2217.038,1013.516,NA,NA,2484.904,2218.375,2245.172,2411.121,2325.728,2496.517,2360.117,2437.111,2420.947,2653.964,2567.705,2524.909,2582.751
17-Phenyl trinor prostaglandin F2alpha methyl ester,22.042,24.604,23.731,26.233,30.225,36.276,29.664,33.109,NA,39.926,NA,NA,NA,34.544,35.767,36.512,21.792,31.702,39.023,19.176,33.997,29.871,24.271,39.71,28.453,19.711
1-Aminocyclohexanecarboxylic acid,101953.571,76526.018,82961.967,76667.995,80181.9,85258.567,76840.456,80905.621,97512.504,80722.107,248.88,1623.313,823.42,82468.254,79504.816,82881.615,82829.67,82939.638,76047.371,75099.011,73719.222,75590.136,87152.495,84412.049,87524.711,87695.755
1-Hexadecanoyl-sn-glycero-3-phosphocholine,267.237,449.939,321.591,373.37,479.405,2899.051,2795.511,2815.858,2713.56,2879.598,848.976,1028.609,1058.767,2884.457,2871.962,3079.077,2876.839,2886.017,2385.301,2387.063,2398.518,2371.45,2470.794,2429.778,2443.313,2454.125
1-Hexadecyl-sn-glycero-3-phosphocholine,219.754,23.59,50.581,23.898,31.179,2943.047,2870.801,2763.236,3426.739,2956.831,1760.053,1692.458,1945.604,2935.073,2883.576,3057,2824.013,2941.5,2305.742,2327.354,2338.45,2339.834,2401.569,2467.293,2365.79,2349.288
1H-Indole-4-carboxaldehyde,89.603,93.31,80.989,73.902,86.936,24.739,25.222,29.675,14.994,31.361,NA,NA,11.066,59.282,54.674,56.311,60.325,58.912,41.587,45.295,40.794,49.739,49.296,52.057,46.349,47.864
1-Methylpiperazine,52.322,56.201,32.415,35.61,37.821,142.462,227.96,140.359,157.149,175.252,NA,NA,NA,161.689,137.249,187.269,224.585,259.337,107.066,97.851,116.009,107.619,139.103,182.913,129.658,164.804
2-(2-Butoxyethoxy)acetic acid,378.684,264.229,258.721,265.474,248.738,238.16,238.347,256.292,251.476,246.27,NA,15.357,NA,235.183,224.24,241.686,244.17,235.424,223.478,233.074,227.266,223.493,269.809,250.117,236.756,247.867
2-Amino-1-phenylethanol,13898.273,11036.289,10234.432,10380.859,10721.495,6280.572,6074.523,6352.604,5637.136,6395.179,192.893,258.039,235.477,8142.975,8111.168,8369.54,8636.603,8214.056,7423.878,7299.617,7330.407,7373.693,8169.221,8046.018,8131.219,8043.983
2-Hydroxybenzyl alcohol,137.667,89.477,101.887,96.898,115.254,45.497,52.5,51.691,83.588,52.022,99.063,94.28,84.636,70.626,65.18,66.95,64.601,62.963,59.709,65.645,58.785,77.277,79.076,68.218,64.9,64.691
2-Methylindoline,26.756,17.769,15.052,16.694,15.871,70.633,67.13,70.732,71.488,65.009,1.362,8.622,20.629,78.236,75.143,77.577,77.835,71.733,54.409,56.262,49.34,53.44,63.449,67.396,58.367,70.866
2-Phenylacetamide,892.472,565.545,539.152,532.754,564.011,262.885,249.161,262.383,356.286,256.922,112.335,87.035,11.22,320.449,316.04,298.666,333.088,296.325,342.683,340.755,339.803,325.661,362.48,335.575,344.663,357.464
3-Methyl-gamma-butyrolactone,82.792,67.586,69.766,71.586,70.51,40.403,34.966,32.607,44.786,37.562,3.791,0.327,13.12,31.81,27.776,35.432,32.376,33.079,38.934,49.469,41.463,46.824,34.945,41.37,36.363,34.336
"4,7-Dimethyl-3-(4-methoxyphenyl)coumarin",1281.594,1079.68,1109.139,1054.494,1091.517,584.027,599.747,632.212,710.736,580.504,0.243,NA,NA,563.477,527.297,540.958,558.022,517.959,618.489,631.169,641.427,660.053,723.673,706.099,689.991,721.428
4-Androsten-17beta-ol-3-one glucosiduronate,50.396,285.655,208.237,286.206,240.358,371.679,384.002,373.083,48.475,385.473,NA,NA,NA,350.161,352.696,398.472,361.605,313.081,299.61,364.055,319.956,343.954,253.241,310.974,343.669,304.212
4-Chromanone,355.815,307.459,266.449,285.483,282.143,170.173,164.305,167.567,53.565,164.958,NA,NA,NA,216.948,213.747,221.274,232.837,226.275,170.457,180.037,175.409,205.78,217.599,201.998,210.391,213.381
4-Hydroxybenzaldehyde,357.781,243.005,240.83,233.646,248.347,109.827,106.566,110.7,124.507,113.698,NA,14.732,13.746,131.58,124.545,118.604,134.292,117.551,161.57,153.386,155.461,141.531,150.375,123.746,134.616,141.95
4-Imidazoleacrylic acid,13828.579,10815.522,8446.653,7537.564,8501.076,3560.185,3482.535,3683.186,7116.077,3245.569,706.716,1661.045,2323.4,3384.736,3099.377,3017.462,3582.709,3048.724,4649.624,4459.939,4341.242,4315.759,4837.619,4717.27,4842.824,4701.375
"5,5-Dimethylimidazolidine-2,4-dione",723.034,426.153,434.144,416.646,439.102,475.863,454.086,484.745,691.218,486.689,NA,NA,NA,526.896,470.412,514.729,540.734,507.557,437.602,465.865,470.349,424.903,536.877,549.696,513.343,543.306
5-Aminovaleric acid,34.291,54.21,46.466,55.859,55.709,49.25,39.501,41.589,22.702,43.803,NA,NA,NA,32.766,41.637,45,33.171,35.187,47.009,45.655,39.898,56.048,29.718,35.866,31.376,32.374
"5-Methyl-5,6-Dihydrouracil",134.287,156.589,94.359,81.259,92.389,53.081,48.501,50.23,69.254,57.101,NA,NA,NA,53.09,56.204,46.781,54.533,51.354,53.767,44.992,46.77,50.666,62.201,64.049,62.323,55.107
6-Ketoprostaglandin F1alpha,166.988,471.983,340.26,537.68,552.531,821.199,762.537,830.594,195.416,791.169,12.935,NA,37.243,655.389,713.332,725.241,668.376,659.785,421.932,571.282,597.389,649.15,636.001,702.635,703.557,702.42
"Adenine, N6-methyl",106.019,47.913,59.939,47.746,58.245,87.29,80.881,70.236,162.885,63.728,NA,NA,NA,74.603,64.327,66.488,77.863,62.471,78.921,62.369,69.036,69.303,79.818,92.596,94.478,87.272
Ala-Pro,135.602,165.008,92.026,95.884,101.585,115.296,100.929,102.929,78.329,108.526,NA,2.246,1.306,119.599,93.746,99.539,94.305,88.84,132.95,107.084,125.616,109.82,122.263,106.171,113.961,115.699
Ala-Tyr-Arg,236.533,302.218,269.161,295.281,249.282,286.782,303.635,310.639,147.24,311.478,NA,NA,0.047,293.429,301.695,274.534,279.267,260.236,417.714,350.847,322.232,323.567,252.569,268.714,277.987,279.557
Allopurinol,9704.09,4400.618,5059.93,4592.387,4791.226,4502.931,4423.155,4521.257,8236.457,4362.679,263.646,252.667,353.751,4656.797,4721.976,4882.908,4981.529,4760.829,4689.737,4499.562,4440.969,4393.351,5175.311,5025.33,5112.545,5266.858
Arg-Ala,10.943,NA,NA,NA,NA,123.76,151.326,161.043,41.167,140.649,NA,NA,NA,90.552,102.49,104.517,90.065,105.135,71.03,79.623,80.589,105.938,90.361,87.248,75.314,71.679
Arg-Cys-Lys,77.65,157.188,178.081,156.98,157.984,198.167,219.376,218.577,21.095,239.156,NA,NA,NA,201.229,231.215,250.465,246.415,238.018,176.663,210.271,212.167,184.357,258.715,222.564,260.603,228.188
Asp-Met-Arg,520.109,534.501,481.981,516.187,509.247,530.317,505.346,536.053,345.831,541.549,5.816,NA,NA,545.431,502.934,531.574,498.732,534.406,478.712,494.974,505.348,493.976,543.295,528.245,526.267,501.909
Asp-Met-Lys,265.976,223.047,305.06,287.249,316.418,708.83,721.963,760.515,961.702,683.872,NA,NA,NA,511.868,500.911,463.872,496.158,494.572,526.477,541.591,537.892,589.541,522.6,548.673,530.424,533.632
"Benzenemethanol, 4-methyl-",846.435,383.27,391.648,347.491,385.52,732.212,963.081,548.811,1269.373,747.648,497.366,663.908,789.374,1705.229,1863.269,1833.968,1651.452,2152.125,1156.569,1121.188,1105.142,1134.818,1320.396,1215.578,1223.184,1258.721
Creatinine,502.804,525.755,373.931,284.84,391.881,378.66,314.589,309.688,414.232,393.979,289.993,361.618,244.282,303.52,375.372,345.542,410.147,329.697,366.37,293.697,400.017,301.623,354.024,347.687,502.065,407.675
"Cyclopropanecarboxylic acid, 1-amino-",1005.775,1135.013,1097.513,940.325,1076.17,725.443,586.901,616.928,625.567,464.635,NA,827.588,NA,387.299,417.867,477.986,556.812,793.16,596.489,410.1,869.984,599.388,739.065,751.52,805.024,739.727
Cys-Asn-Lys,1623.914,1408.814,1447.164,1357.842,1414.469,877.791,904.65,915.194,1159.549,866.422,NA,NA,NA,809.313,754.486,732.194,780.68,704.619,954.554,953.868,956.574,988.235,994.334,1035.192,983.828,970.65
Cys-Lys-Lys,786.039,656.125,686.125,691.994,701.585,747.106,780.748,820.044,1169.825,757.504,4.071,17.729,4.489,736.89,723.918,696.199,720.162,710.687,753.024,781.116,738.406,735.152,731.056,735.194,720.333,750.435
Cys-Thr-Arg,410.311,365.37,383.422,332.538,384.23,268.3,233.824,260.927,325.247,244.19,NA,NA,NA,237.71,231.196,226.575,239.117,236.469,258.479,284.853,279.799,258.202,263.744,283.488,265.092,264.779
"D-Gluconic acid, permethyl-, methyl ester",780.858,543.748,587.853,554.036,552.823,410.675,389.838,401.405,726.254,381.146,205.802,332.412,317.521,381.955,356.998,345.644,387.505,341.541,472.942,479.86,449.097,418.058,393.562,378.438,398.124,418.314
Dibenzylamine,454.867,353.952,365.312,395.121,365.214,3755.758,3654.786,3854.69,4609.859,3805.996,440.612,NA,NA,3776.444,3692.778,3878.556,3877.632,3766.636,3038.256,2909.135,2987.318,2958.516,3445.317,3356.19,3327.402,3411.088
DL-beta-Homoleucine,1798.828,1781.243,1751.425,1645.733,1725.521,1693.319,1652.76,1633.379,1949.605,1603.779,NA,3.266,NA,1593.987,1586.204,1591.394,1583.715,1610.007,1778.074,1715.12,1683.554,1750.913,1705.493,1627.845,1636.991,1645.929
DL-Arginine,392.854,752.033,805.117,805.833,1046.219,656.494,406.31,401.485,214.348,373.642,458.87,241.55,348.153,278.335,270.381,259.377,243.328,238.411,453.982,551.449,515.697,494.112,286.549,413.357,411.089,425.66
DL-Indole-3-lactic acid,1387.121,1178.648,944.126,976.71,1078.608,535.361,528.506,539.179,400.391,562.143,NA,NA,NA,837.148,834.893,868.285,933.387,854.228,691.324,693.242,678.027,668.042,775.555,788.436,859.156,807.371
"DL-Lysine, 5-hydroxy-",NA,NA,NA,NA,NA,NA,NA,NA,NA,NA,NA,NA,NA,43.179,54.615,44.314,47.641,52.374,14.25,12.119,13.168,15.703,16.121,18.23,12.986,17.298
D-Pyroglutamic acid,547.854,785.673,398.683,403.245,538.585,169.803,160.593,160.219,142.43,156.379,NA,NA,6.082,220.3,199.61,197.04,196.129,201.976,261.849,240.978,252.426,250.445,264.967,256.18,259.121,289.743
Gln-Ser-Arg,NA,37.646,45.78,50.84,50.954,23.65,13.635,9.869,NA,17.886,NA,NA,NA,3.844,2.348,2.617,1.997,3.231,27.277,29.112,24.276,22.926,14.699,22.97,22.249,27.338
Glu-Met-Lys,231.9,241.032,239.876,257.244,223.817,207.425,210.429,210.189,119.866,214.137,NA,NA,NA,202.367,219.34,201.335,202.901,194.445,228.99,210.04,216.826,207.477,220.986,219.282,224.084,217.246
Glycyl-L-4-Hydroxyproline,184.344,192.701,169.423,189.619,184.631,9.919,11.368,7.033,NA,11.126,NA,NA,NA,22.015,8.343,9.664,13.06,23.999,71.936,66.004,41.102,32.622,47.287,55.668,46.459,66.445
Gly-Pro,517.349,499.85,425.83,541.542,459.696,75.556,70.792,72.168,65.098,118.346,69.843,150.214,151.3,66.515,70.196,63.74,77.594,64.496,118.113,150.424,148.845,125.985,158.644,153.223,141.342,141.342
Gly-Pro-Arg,2411.229,1828.205,1733.461,2133.941,1999.684,704.381,504.378,504.812,103.1,517.354,7.573,NA,NA,267.389,242.532,226.138,262.044,237.083,1200.62,1008.41,933.682,893.188,627.983,712.548,752.237,759.454
Guanine,81.766,33.416,24.501,35.226,39.595,33.871,25.274,21.726,6.484,28.546,NA,NA,NA,36.089,30.368,34.1,23.14,34.257,20.717,32.094,24.013,23.275,27.647,30.236,26.17,33.339
Heptaethylene glycol,205.584,185.981,170.003,171.268,194.045,237.24,230.308,255.067,446.324,233.24,220.692,244.002,308.99,212.105,202.991,205.592,221.202,187.154,239.906,230.997,215.185,209.046,223.998,222.155,225.557,218.352
"Hexanedioic acid, 2-amino-",12.357,20.32,20.392,20.288,20.546,20.497,19.796,19.78,13.711,18.808,0.328,NA,NA,17.333,13.028,12.238,14.44,14.669,12.886,22.405,16.839,17.061,16.767,22.994,16.591,22.49
His-Pro,649.978,454.417,272.864,275.643,403.96,461.995,437.304,474.754,432.679,487.486,NA,NA,0.003,392.108,372.597,363.416,438.686,384.332,420.765,411.693,381.703,369.279,402.154,406.977,413.516,409.162
Ile-His,241.951,222.854,205.209,201.963,222.378,240.216,260.022,272.352,193.499,260.223,NA,NA,NA,248.059,263.186,267.102,262.365,261.964,219.266,251.559,204.238,259.741,264.147,254.754,250.66,243.55
Isocarbamid,NA,NA,NA,0.028,NA,11.649,8.583,10.821,NA,9.223,NA,NA,NA,42.501,43.471,43.204,48.767,46.775,18.033,17.927,16.745,10.96,21.073,22.379,24.354,23.176
Isocytosine,564.53,423.521,440.698,307.548,366.052,313.094,315.781,308.764,405.12,351.663,24.81,31.465,19.655,320.291,326.77,305.525,304.758,309.611,370.149,332.947,280.575,312.532,381.875,378.295,308.364,341.712
L-Carnitine,4.02,49.82,50.343,42.083,61.54,43.918,38.554,40.272,73.257,40.061,6.052,6.392,NA,43.819,38.759,45.651,38.885,44.473,40.473,35.979,42.71,37.061,47.814,43.673,44.472,49.639
L-Citrulline,499.152,382.689,376.695,372.644,412.228,81.225,87.546,72.758,27.439,111.547,NA,NA,NA,64.733,75.233,72.865,86.106,99.201,134.896,175.797,125.689,201.549,195.974,157.589,148.247,155.317
L-Histidine,88.867,277.489,42.896,49.922,260.216,NA,NA,NA,NA,NA,68.618,82.186,73.358,NA,NA,NA,NA,NA,19.881,21.574,17.719,23.364,19.239,15.651,19.916,25.073
"L-Histidine, 3-methyl-",65.285,38.728,45.415,41.222,50.66,45.401,47.045,51.804,77.481,46.191,0.341,7.623,NA,41.529,38.055,37.126,44.973,33.945,51.727,54.814,55.092,47.652,51.296,49.568,47.104,49.271
L-Lysine,132.973,327.614,336.408,348.939,343.436,198.514,129.857,123.948,11.51,155.802,4.454,12.722,13.898,82.397,70.911,60.705,74.148,67.04,103.374,133.135,152.345,176.536,136.851,206.794,225.577,214.117
L-Ngamma-Monomethylarginine,34.931,16.127,22.928,28.955,33.559,232.594,255.216,269.185,148.671,211.142,NA,NA,NA,143.966,126.54,114.588,125.428,165.307,136.32,132.865,136.676,134.277,184.57,138.382,163.773,150.113
L-N5-(1-Imino-3-pentenyl) ornithine,23.229,28.456,27.048,29.931,26.597,81.516,80.565,86.423,80.677,83.214,0.001,NA,NA,78.632,72.657,76.05,75.942,81.618,76.721,79.814,77.997,77.721,73.833,71.005,71.548,76.784
L-Pipecolic acid,148.665,77.859,82.836,79.846,74.596,40.103,34.505,41.174,71.082,35.571,NA,NA,NA,42.143,56.52,48.121,50.029,50.398,44.568,44.252,42.326,48.95,54.713,52.974,45.264,50.515
L-Proline,1123.374,805.195,799.892,734.664,816.494,399.879,390.321,391.848,745.198,386.983,69.67,65.598,29.331,480.999,499.286,521.096,504.877,530.506,515.107,513.857,507.528,502.257,547.905,526.99,522.36,512.261
L-Threonine,20.278,3.088,2.436,5.092,5.127,27.771,28.61,30.154,30.357,28.606,NA,NA,NA,29.225,26.563,24.707,26.047,30.062,20.748,20.179,22.538,18.692,22.529,30.141,27.512,27.195
Lys-Ala-Arg,499.268,446.597,392.396,368.414,362.836,404.471,399.586,363.02,325.646,364.409,56.632,107.93,32.383,298.02,330.212,326.109,311.871,341.862,359.348,330.941,366.313,353.667,388.614,397.193,388.634,418.934
Lys-Ile-Arg,1784.027,1496.266,1644.472,1486.109,1528.046,1051.538,1058.497,982.785,1291.273,937.325,1493.994,653.377,889.423,868.412,1011.642,935.959,835.19,929.096,1135.741,1127.941,1140.953,1102.704,1169.83,1187.234,1092.958,1169.579
Lyso-PAF C-18,NA,NA,NA,NA,NA,839.079,865.33,817.698,984.663,878.545,86.17,133.134,131.1,901.812,908.957,889.802,849.733,881.089,740.344,712.178,695.771,722.027,736.722,698.905,708.679,712.016
Lyso-Sphingomyelin,500.221,373.911,347.543,332.581,338.11,883.607,797.479,822.099,1207.773,925.235,760.568,708.383,764.027,1005.815,934.127,888.727,711.09,835.765,883.839,872.279,837.742,869.885,781.445,783.487,752.379,776.015
Lys-Ser-Lys,1622.168,1537.292,1559.464,1474.101,1440.403,1081.813,1109.843,1021.31,1086.619,1086.731,563.775,8.861,7.264,979.104,1016.806,950.223,928.362,957.022,1097.188,1060.096,1125.257,1092.76,1258.144,1249.08,1245.099,1244.669
Met-Glu-Lys,619.883,503.281,590.57,626.934,547.603,215,206.652,208.935,241.567,201.778,NA,NA,NA,201.892,167.283,181.54,232.31,201.426,242.663,250.103,261.3,258.219,245.846,279.09,244.919,265.589
Methaqualone,1065.915,634.76,771.873,716.65,723.574,583.7,557.791,607.199,966.402,579.705,NA,NA,NA,503.135,410.533,429.927,521.779,440.774,611.165,586.482,595.912,526.131,571.733,564.269,611.842,606.436
Met-Pro-Lys,1270.952,1599.539,1404.356,1498.462,1557.933,2039.909,1963.855,2189.445,1884.499,2094.85,23.83,6.874,5.468,2061.206,2014.984,2101.997,2139.764,2006.774,2077.862,1967.945,2023.618,1949.514,2059.169,1909.982,1971.064,1895.619
"N,N'-Diallyl-2,3-dihydroxysuccinamide",47.846,103.007,11.948,22.179,81.238,24.969,28.769,24.589,NA,22.644,NA,NA,NA,28.046,35.87,28.29,29.9,29.289,17.661,19.388,33.342,24.326,32.657,29.517,33.962,30.971
N-alpha-Acetyl-L-arginine,1.5,6.913,9.116,8.216,2.341,9.131,6.26,8.155,0.892,5.705,5.301,10.573,29.088,16.96,22.113,16.788,16.345,18.379,19.523,17.213,18.583,7.569,12.665,13.125,12.417,13.083
N-Acetyl-D-lactosamine,483.086,304.419,296.498,297.572,300.824,202.88,192.206,198.859,278.816,209.206,NA,NA,NA,230.988,226.689,231.551,217.906,237.736,214.015,214.982,206.038,220.795,249.357,248.795,243.297,244.704
N-Butylaniline,164.531,107.729,136.723,164.668,191.819,716.053,973.3,875.562,1029.589,773.42,154.303,141.528,97.596,921.026,824.082,1005.638,1022.495,902.898,764.202,605.497,633.4,792.77,717.665,841.33,857.545,757.82
N-Butyryl-L-homoserine lactone,1533.485,764.57,882.481,820.813,943.886,317.514,380.141,334.14,495.004,397.387,NA,70.552,59.587,485.673,347.606,362.252,388.34,342.136,379.459,382.346,391.636,438.677,492.714,490.29,464.254,533.225
N-Ethyl-N-isopropylaniline,412.775,298.988,290.854,306.88,315.761,3007.379,3029.205,3122.387,3423.436,3057.701,NA,NA,NA,3041.498,3042.937,3234.43,3315.603,3241.218,2413.064,2341.626,2394.679,2438.399,2890.317,2787.558,2687.527,2818.417
N-Methyl-alpha-aminoisobutyric acid,24554.817,17764.533,19039.485,17646.487,18899.48,17859.679,16298.084,16738.695,24676.853,16569.909,16239.554,20202.023,18990.663,17689.147,17232.666,17390.021,17603.037,17846.398,16776.687,16365.599,16107.389,16013.932,18640.916,18002.331,18632.607,18820.231
N-Nitrosopiperidine,281.193,239.534,175.82,182.119,181.354,215.398,200.809,210.631,236.382,206.255,2.025,2.365,NA,234.516,230.487,230.667,262.435,249.403,193.782,191.378,185.033,182.215,235.669,232.507,234.633,242.825
N-Palmitoylglycine,10624.791,8098.359,9236.491,8479.614,9125.604,23719.88,23205.797,23456.268,36256.943,23175.389,6380.959,9544.154,8480.957,23854.042,23675.992,24437.314,25483.989,24718.295,23162.771,21997.117,21827.86,22143.171,24041.245,23846.844,23642.583,23652.811
PAF C-16,NA,NA,NA,NA,4.634,989.015,990.709,958.476,1005.995,1021.936,238.591,248.564,274.727,1069.209,1056.655,1104.64,1016.517,1038.547,799.931,845.06,810.712,842.013,881.391,857.375,877.43,895.381
Palmitoleoyl ethanolamide,1092.27,765.231,818.587,778.38,834.558,4279.894,3987.717,4061.76,6997.012,4170.557,718.748,380.703,312.467,4741.178,4581.753,4760.443,5060.287,4845.05,4290.118,4073.624,4032.389,4035.348,4577.749,4530.901,4553.226,4445.08
Phe-Asn,435.68,229.662,377.67,340.672,325.015,338.329,298.551,344.67,476.234,345.615,68.238,89.977,45.273,395.805,337.842,330.512,403.345,341.369,376.934,347.898,341.541,350.005,395.829,386.851,394.608,376.733
Phe-Gly-Arg,191.128,255.435,205.368,213.956,200.201,188.804,181.671,188.787,149.298,175.688,20.859,2.927,3.594,182.565,173.631,202.329,205.5,182.273,278.976,237.655,241.93,230.275,157.801,169.885,161.309,164.16
Phenylacetaldehyde,19.008,7.081,8.391,10.309,8.681,47.23,62.511,37.123,97.039,52.069,NA,NA,NA,189.952,196.161,228.286,134.148,211.785,80.817,77.461,93.361,88.334,92.309,80.583,88.538,85.696
Phe-Tyr,940.369,557.826,493.001,550.083,502.89,357.864,370.896,460.206,333.031,451.573,NA,NA,NA,395.933,402.279,441.37,511.263,419.464,352.464,369.331,374.932,422.407,481.78,450.73,500.913,431.244
Pregabalin,59.878,23.705,32.235,28.025,26.349,18.034,19.694,17.088,NA,19.521,NA,NA,NA,18.691,20.246,17.699,22.066,17.326,18.725,20.654,18.809,21.763,12.118,15.196,15.562,22.07
Pro-Gln-Arg,175.938,327.846,233.003,326.315,266.769,250.853,238.297,245.095,23.566,258.945,3.758,4.074,33.255,198.063,197.744,181.037,188.214,166.238,402.176,300.695,286.78,268.879,230.333,237.136,219.209,222.241
"Pyrimido[1,2-a]azepine, 2,3,4,6,7,8,9,10-octahydro-",NA,NA,NA,NA,NA,429.35,432.507,408.223,513.187,383.662,17.587,24.629,29.8,464.752,544.431,483.69,627.757,501.76,339.168,363.053,282.74,424.217,397.622,373.341,300.095,358.238
PyroGlu-Ala,1024.968,704.028,685.8,646.248,687.681,920.122,807.766,871.694,858.527,825.708,NA,NA,NA,850.336,884.868,903.966,849.772,814.856,765.336,804.328,768.358,772.772,831.583,826.863,863.543,907.542
PyroGlu-Gln-Arg,614.548,574.512,514.81,530.667,499.101,387.015,396.172,402.297,355.214,395.116,367.866,651.721,510.792,402.125,393.133,367.86,405.306,368.791,451.678,421.617,459.611,441.429,446.17,440.939,421.319,448.386
PyroGlu-Tyr,362.34,335.983,267.674,278.062,306.471,145.305,157.625,158.145,100.654,157.468,NA,NA,NA,220.831,233.531,244.008,247.411,246.002,204.1,211.709,206.611,213.602,213.298,230.73,222.179,224.584
Tetrahydrozoline,NA,NA,NA,NA,NA,155.782,155.143,154.311,244.493,172.666,77.12,29.716,49.702,151.536,146.702,152.822,140.936,141.248,115.091,120.594,130.953,128.058,145.513,144.352,132.567,139.362
Thr-Ala-Arg,13.339,3.139,NA,0.777,NA,155.115,142.172,171.548,194.251,160.295,NA,NA,NA,164.15,137.702,154.843,121.377,120.051,74.252,67.99,91.275,59.968,56.44,60.647,98.432,71.863
Thr-Trp-Lys,487.021,347.702,385.916,355.882,410.214,508.564,531.091,618.353,1012.658,570.447,NA,NA,NA,509.946,525.659,511.742,575.912,531.36,517.152,499.654,428.911,495.368,539.934,532.212,545.064,501.605
trans-2-Hydroxycinnamic acid,712.621,445.397,404.074,400.425,420.737,193.157,193.218,191.404,183.737,199.813,NA,NA,NA,238.295,246.465,243.017,252.813,244.842,252.892,245.697,254.402,247.677,264.232,252.98,255.627,259.96
trans-Epoxysuccinyl-L-leucylamido(4-guanidino)butane,424.61,443.101,449.079,454.219,464.135,88.289,68.734,85.806,19.394,107.183,10.328,1.287,1.039,116.714,125.061,127.187,131.946,117.285,168.85,153.053,163.962,150.73,174.433,166.554,173.118,160.298
Triethanolamine,11890.466,11066.263,10771.417,9830.519,10396.768,11225.621,9965.329,10481.838,14717.174,9846.067,8668.989,5850.543,6065.501,10678.969,10391.779,10674.364,10613.222,10648.668,11748.024,11217.751,10684.114,10572.269,10448.337,10068.57,10442.202,10582.749
Trp-Phe,509.947,474.087,469.361,473.146,437.103,308.194,300.689,318.231,317.439,346.806,NA,NA,NA,301.586,276.232,293.592,292.922,260.047,333.829,320.853,362.981,345.262,337.987,348.197,349.17,380.788
Trp-Ser-Arg,48.697,126.821,80.162,158.14,126.734,130.214,142.791,120.463,NA,136.289,NA,NA,NA,82.882,79.923,83.761,91.439,65.892,63.013,132.439,104.075,128.893,112.235,105.974,120.412,133.664
Val-Arg,67.363,91.816,76.46,86.376,101.828,89.114,95.29,93.948,10.011,93.467,NA,NA,NA,78.463,72.947,68.788,74.491,64.424,153.604,120.94,105.042,93.917,72.396,72.785,78.697,78.645
Xanthine,154.547,98.404,92.939,90.609,92.848,127.71,94.359,83.091,76.395,101.043,NA,NA,NA,133.975,143.775,151.077,109.963,132.213,83.449,90.622,107.053,125.172,99.779,112.124,136.933,135.232
